Data,word,freq
analytics,analytics,395
data,data,210
bigdata,bigdata,124
big,big,76
your,your,66
the,the,58
how,how,57
datascience,datascience,37
business,business,37
amp,amp,33
can,can,33
will,will,32
you,you,32
why,why,29
dataanalytics,dataanalytics,29
from,from,28
google,google,27
job,job,23
with,with,22
using,using,22
this,this,21
are,are,20
hiring,hiring,20
latest,latest,20
iot,iot,20
insights,insights,18
new,new,18
use,use,18
reasons,reasons,16
science,science,16
marketing,marketing,16
datadriven,datadriven,15
help,help,14
out,out,14
jobs,jobs,14
machinelearning,machinelearning,13
facebook,facebook,13
match,match,13
never,never,13
future,future,13
more,more,13
our,our,13
learning,learning,13
predictive,predictive,13
see,see,12
what,what,11
binaryloom,binaryloom,11
cdo,cdo,11
that,that,11
power,power,11
usa,usa,11
work,work,11
their,their,11
technology,technology,11
have,have,11
for,for,11
success,success,11
machine,machine,11
smallbusiness,smallbusiness,10
engineer,engineer,10
top,top,10
about,about,9
facts,facts,9
managers,managers,9
want,want,9
just,just,9
digital,digital,9
learn,learn,9
software,software,9
launch,launch,9
good,good,8
and,and,8
most,most,8
needs,needs,8
social,social,8
cio,cio,8
kno,kno,8
smallbiz,smallbiz,8
ibm,ibm,8
company,company,8
now,now,8
trends,trends,8
daily,daily,8
spark,spark,8
cloud,cloud,8
makeyourownlane,makeyourownlane,7
insurance,insurance,7
really,really,7
biotech,biotech,7
check,check,7
career,career,7
need,need,7
here,here,7
read,read,7
were,were,7
via,via,7
key,key,7
next,next,7
digrio,digrio,7
through,through,7
manager,manager,7
healthcare,healthcare,7
know,know,7
analyst,analyst,7
seo,seo,7
into,into,7
thanks,thanks,7
director,director,7
golden,golden,7
prospect,prospect,7
companies,companies,7
datamining,datamining,6
defstar,defstar,6
driving,driving,6
education,education,6
scientist,scientist,6
where,where,6
digitaltransformation,digitaltransformation,6
audience,audience,6
curated,curated,6
homepage,homepage,6
landingpages,landingpages,6
overview‚Ä,overview‚Ä,6
snapshot,snapshot,6
thanksfollowing,thanksfollowing,6
customer,customer,6
view,view,6
banking,banking,6
news,news,6
story,story,6
used,used,6
apply,apply,6
analyze,analyze,6
improve,improve,6
great,great,6
not,not,6
skills,skills,5
review,review,5
make,make,5
people,people,5
dataanalyst,dataanalyst,5
get,get,5
realtime,realtime,5
better,better,5
wearable,wearable,5
tools,tools,5
team,team,5
behaviour,behaviour,5
developer,developer,5
fintech,fintech,5
today,today,5
should,should,5
transform,transform,5
advances,advances,5
forecasting,forecasting,5
timeseries,timeseries,5
could,could,5
marketers,marketers,5
watson,watson,5
decisions,decisions,5
capabilities,capabilities,5
emerging,emerging,5
businesses,businesses,5
hospitality,hospitality,5
has,has,5
senior,senior,5
wearables,wearables,5
policing,policing,4
these,these,4
understand,understand,4
para,para,4
streaming,streaming,4
benefit,benefit,4
scientists,scientists,4
they,they,4
analytics‚Ä,analytics‚Ä,4
free,free,4
metrics,metrics,4
much,much,4
too,too,4
there,there,4
like,like,4
best,best,4
lots,lots,4
consultant,consultant,4
batman,batman,4
find,find,4
solutions,solutions,4
common,common,4
sense,sense,4
hadoop,hadoop,4
making,making,4
campaign,campaign,4
workplace,workplace,4
inquiry,inquiry,4
misuse,misuse,4
azure,azure,4
enterprise,enterprise,4
energy,energy,4
tech,tech,4
challenge,challenge,4
experts,experts,4
role,role,4
week,week,4
navaigroup,navaigroup,4
datasciencectrl,datasciencectrl,4
build,build,4
experience,experience,4
fast,fast,4
may,may,4
uses,uses,4
boston,boston,4
who,who,4
unlock,unlock,4
project,project,4
customers,customers,4
creates,creates,4
strategies,strategies,4
insight,insight,4
access,access,4
startups,startups,4
trust,trust,4
businessintelligence,businessintelligence,4
dataconomy,dataconomy,4
pipeline,pipeline,4
speed,speed,4
audit,audit,3
bigdataanalytics,bigdataanalytics,3
bad,bad,3
costs,costs,3
hidden,hidden,3
draft,draft,3
nfl,nfl,3
one,one,3
analysis,analysis,3
management,management,3
opening,opening,3
advanced,advanced,3
become,become,3
tips,tips,3
cybersecurity,cybersecurity,3
podcast,podcast,3
sciencerealtime,sciencerealtime,3
them,them,3
startup,startup,3
affordable,affordable,3
dataquality,dataquality,3
hands,hands,3
time,time,3
aipowered,aipowered,3
algorithms,algorithms,3
anyonethis,anyonethis,3
careerarc,careerarc,3
recommend,recommend,3
politics,politics,3
watchdog,watchdog,3
online,online,3
right,right,3
economics,economics,3
workshop‚Ä,workshop‚Ä,3
flow,flow,3
decisionmaking,decisionmaking,3
some,some,3
explore,explore,3
heres,heres,3
when,when,3
let,let,3
emissions,emissions,3
evolve,evolve,3
gas,gas,3
lower,lower,3
faster,faster,3
lean,lean,3
datawarehouse,datawarehouse,3
etl,etl,3
driven,driven,3
annual,annual,3
cfos,cfos,3
embrace,embrace,3
keep,keep,3
give,give,3
and¬,and¬,3
services,services,3
its,its,3
dsx,dsx,3
resturant,resturant,3
consider,consider,3
website,website,3
off,off,3
retweeted,retweeted,3
web,web,3
but,but,3
provide,provide,3
grow,grow,3
cannabis,cannabis,3
lookingwork,lookingwork,3
youre,youre,3
TRUE,TRUE,3
opportunities,opportunities,3
import,import,3
series,series,3
bigdata‚Ä,bigdata‚Ä,3
report,report,3
associate,associate,3
york,york,3
increase,increase,3
research,research,3
clickdetails,clickdetails,3
sales,sales,3
c‚Ä,c‚Ä,3
higher,higher,3
poll,poll,3
roles,roles,3
four,four,3
kiosks,kiosks,3
croma,croma,3
active,active,2
blogs,blogs,2
kdn,kdn,2
explains,explains,2
consumer,consumer,2
jayvongeorge,jayvongeorge,2
insidebigdata,insidebigdata,2
mariedugan,mariedugan,2
infrastructure,infrastructure,2
approach,approach,2
firms,firms,2
network,network,2
behsys,behsys,2
homicide,homicide,2
important,important,2
jobsearch,jobsearch,2
manage,manage,2
operations,operations,2
central,central,2
human,human,2
starts,starts,2
stops,stops,2
bottom,bottom,2
impact,impact,2
line,line,2
year,year,2
guide,guide,2
instagram,instagram,2
final,final,2
weeks,weeks,2
identifying,identifying,2
analytic‚Ä,analytic‚Ä,2
enough,enough,2
prescriptive,prescriptive,2
which,which,2
actionable,actionable,2
code,code,2
media,media,2
content,content,2
datadata,datadata,2
branding,branding,2
comoffer,comoffer,2
sdk,sdk,2
metricsmeasure,metricsmeasure,2
illinois,illinois,2
kpmg,kpmg,2
mba,mba,2
seen,seen,2
personnel,personnel,2
take,take,2
vote,vote,2
terms,terms,2
ebay,ebay,2
left,left,2
ran,ran,2
firm,firm,2
platform,platform,2
brexit,brexit,2
leaveeu,leaveeu,2
influence,influence,2
sent,sent,2
voters,voters,2
come,come,2
join,join,2
different,different,2
increased,increased,2
kinds,kinds,2
tell,tell,2
finding,finding,2
students,students,2
journey,journey,2
support,support,2
throughout,throughout,2
iiot,iiot,2
part,part,2
played,played,2
ioe,ioe,2
keysight,keysight,2
keysightcareers,keysightcareers,2
technologies,technologies,2
summit,summit,2
conference,conference,2
courses,courses,2
group,group,2
freelance,freelance,2
votetypeids,votetypeids,2
leaders,leaders,2
datascience‚Ä,datascience‚Ä,2
facing,facing,2
applications,applications,2
elections,elections,2
basic,basic,2
ciscodna‚Ä,ciscodna‚Ä,2
bigquery,bigquery,2
load,load,2
lookinga,lookinga,2
average,average,2
finance,finance,2
stocks,stocks,2
statistics,statistics,2
wave,wave,2
click,click,2
customers¬,customers¬,2
data¬,data¬,2
dzone,dzone,2
drive,drive,2
accounting,accounting,2
die,die,2
selfservice,selfservice,2
dont,dont,2
hot,hot,2
press,press,2
stories,stories,2
world,world,2
devops,devops,2
path,path,2
discusses,discusses,2
successful,successful,2
tour,tour,2
care,care,2
desire‚Äù,desire‚Äù,2
inhibiting,inhibiting,2
valuebased,valuebased,2
‚Äúempty,‚Äúempty,2
without,without,2
oil,oil,2
search,search,2
being,being,2
mining,mining,2
fityou,fityou,2
might,might,2
ways,ways,2
look,look,2
revolution,revolution,2
survive,survive,2
helping,helping,2
opportunity,opportunity,2
sql,sql,2
experienced,experienced,2
impress,impress,2
health,health,2
traffic,traffic,2
cloudpreacher,cloudpreacher,2
small,small,2
thinking,thinking,2
entrepreneurs,entrepreneurs,2
allstate,allstate,2
another,another,2
behind,behind,2
mercer,mercer,2
per,per,2
analyticsiot,analyticsiot,2
upcoming,upcoming,2
utilizing,utilizing,2
webinar,webinar,2
level,level,2
sports,sports,2
alldata,alldata,2
talentanalytics,talentanalytics,2
workforce,workforce,2
gives,gives,2
awvi,awvi,2
list,list,2
practice,practice,2
conversionsmake,conversionsmake,2
demo,demo,2
live,live,2
mobile,mobile,2
proximity,proximity,2
request,request,2
bringing,bringing,2
des,des,2
weapon,weapon,2
hyperpersonalization,hyperpersonalization,2
shines,shines,2
military,military,2
understood,understood,2
focus,focus,2
agile,agile,2
challenges,challenges,2
pls,pls,2
charlotte,charlotte,2
entrepreneur,entrepreneur,2
changed,changed,2
strategic,strategic,2
edge,edge,2
mpgvip‚Ä,mpgvip‚Ä,2
lines,lines,2
dirtydata,dirtydata,2
don‚Äôt,don‚Äôt,2
orgs,orgs,2
restore,restore,2
ruin,ruin,2
crosschannel¬,crosschannel¬,2
database,database,2
arab,arab,2
lack,lack,2
thereof,thereof,2
minnetonka,minnetonka,2
careers,careers,2
interesting,interesting,2
user,user,2
competitive,competitive,2
download,download,2
asci,asci,2
partners,partners,2
beckers,beckers,2
datalive,datalive,2
hospital,hospital,2
pay,pay,2
rcm,rcm,2
talk,talk,2
socialmedia,socialmedia,2
understanding,understanding,2
becoming,becoming,2
practices,practices,2
innovation,innovation,2
engineering,engineering,2
siemens,siemens,2
valuetheir,valuetheir,2
value,value,2
lessons,lessons,2
projects,projects,2
storagesport,storagesport,2
run,run,2
datafloq,datafloq,2
kolabtree,kolabtree,2
still,still,2
marketmonetizing,marketmonetizing,2
twitter,twitter,2
‚Äúconnected,‚Äúconnected,2
major,major,2
deliver,deliver,2
psychology,psychology,2
catkins,catkins,2
mmahdavianl,mmahdavianl,2
mvaldivieso,mvaldivieso,2
unlocking,unlocking,2
uster,uster,2
yee,yee,2
enhance,enhance,2
quality,quality,2
googleanalytics,googleanalytics,1
apoyan,apoyan,1
auditores,auditores,1
centrarse,centrarse,1
gesti√,gesti√,1
mayor,mayor,1
reas,reas,1
riesgo,riesgo,1
riesgos,riesgos,1
visualise,visualise,1
chief,chief,1
fraud,fraud,1
officer,officer,1
oig‚Äôs,oig‚Äôs,1
scheme,scheme,1
uncovered,uncovered,1
analyticscompanies,analyticscompanies,1
benefits,benefits,1
biggest,biggest,1
industrial,industrial,1
article,article,1
baseline,baseline,1
got,got,1
published,published,1
recent,recent,1
truliafan,truliafan,1
brain‚Äù,brain‚Äù,1
hacking,hacking,1
la‚Ä,la‚Ä,1
discovery,discovery,1
hartford,hartford,1
performance,performance,1
travelers,travelers,1
den,den,1
importante,importante,1
demandnew,demandnew,1
pittsburgh,pittsburgh,1
steelers,steelers,1
algorithmic,algorithmic,1
designdiverse,designdiverse,1
examples,examples,1
groups,groups,1
inclusive,inclusive,1
systems,systems,1
lawenforcement,lawenforcement,1
antitrust,antitrust,1
demands,demands,1
economy,economy,1
links,links,1
rules,rules,1
theta‚Ä,theta‚Ä,1
approaches,approaches,1
adequate,adequate,1
dataalgorithmsnonenglish,dataalgorithmsnonenglish,1
had,had,1
speakers,speakers,1
that‚Ä,that‚Ä,1
wonders,wonders,1
contributor,contributor,1
idg,idg,1
cinco,cinco,1
las,las,1
mejores,mejores,1
ppt,ppt,1
presentaciones,presentaciones,1
sobre,sobre,1
patterns,patterns,1
tableau,tableau,1
comercios,comercios,1
foursquare,foursquare,1
peque√,peque√,1
communicationmedia,communicationmedia,1
studies,studies,1
musical,musical,1
produ√,produ√,1
tecnologia,tecnologia,1
transformam,transformam,1
earn,earn,1
hired,hired,1
tech‚Ä,tech‚Ä,1
fulltime,fulltime,1
inc,inc,1
madison,madison,1
syntel,syntel,1
lead,lead,1
mortgage,mortgage,1
wealth,wealth,1
anaconda,anaconda,1
machineleanring,machineleanring,1
offer,offer,1
platformmachine,platformmachine,1
hefty,hefty,1
said,said,1
surveyed,surveyed,1
analyticswhy,analyticswhy,1
irony,irony,1
refinement,refinement,1
productivitygive,productivitygive,1
emphasis,emphasis,1
investment,investment,1
placing,placing,1
buffer‚Ä,buffer‚Ä,1
ronaldvanloon,ronaldvanloon,1
couple,couple,1
geeksanalytics,geeksanalytics,1
hey,hey,1
hope,hope,1
hours,hours,1
nerdsi,nerdsi,1
registration,registration,1
save,save,1
bigthreat,bigthreat,1
eip,eip,1
ospreysecurity,ospreysecurity,1
less,less,1
situations,situations,1
uncertain,uncertain,1
april,april,1
airlines,airlines,1
analytical,analytical,1
crack,crack,1
era,era,1
expectation,expectation,1
timely,timely,1
drives,drives,1
fanswhat,fanswhat,1
player,player,1
specific,specific,1
spm,spm,1
curate,curate,1
emoryce,emoryce,1
sharing,sharing,1
developes,developes,1
kitnewspace,kitnewspace,1
space,space,1
spaceapps,spaceapps,1
spacesdk,spacesdk,1
terough,terough,1
post,post,1
cyber,cyber,1
incredible,incredible,1
ive,ive,1
organizations,organizations,1
posture,posture,1
real,real,1
results,results,1
spots,spots,1
weak,weak,1
analyticssdk,analyticssdk,1
kitdataanalytics,kitdataanalytics,1
ask,ask,1
awards,awards,1
category,category,1
dbta,dbta,1
favor,favor,1
moment,moment,1
solution,solution,1
sumo,sumo,1
ronald,ronald,1
v‚Ä,v‚Ä,1
by‚Ä,by‚Ä,1
everyone,everyone,1
analysisdecision,analysisdecision,1
copy,copy,1
instructor,instructor,1
because,because,1
completely,completely,1
hillarys,hillarys,1
lost,lost,1
nonsense,nonsense,1
only,only,1
point,point,1
remain,remain,1
topped,topped,1
useless,useless,1
acquire,acquire,1
cisco,cisco,1
saggezza,saggezza,1
zdnet,zdnet,1
axellio,axellio,1
capabilitystreaming,capabilitystreaming,1
enables,enables,1
via‚Ä,via‚Ä,1
xio,xio,1
staff,staff,1
bruxelles,bruxelles,1
hfx,hfx,1
translator,translator,1
dataanalyticsinternalauditorsauditpdf,dataanalyticsinternalauditorsauditpdf,1
lake,lake,1
microsoft,microsoft,1
podium,podium,1
dirtytricks,dirtytricks,1
fakenews,fakenews,1
tories,tories,1
pharma,pharma,1
supplychain,supplychain,1
ampgt,ampgt,1
bayesian,bayesian,1
infosec,infosec,1
methodshackers,methodshackers,1
probabilis,probabilis,1
rock,rock,1
stars,stars,1
legislators,legislators,1
moneylobbyists,moneylobbyists,1
track,track,1
analytica,analytica,1
cambridge,cambridge,1
ensured,ensured,1
messages,messages,1
tailored,tailored,1
advice,advice,1
adoption,adoption,1
down,down,1
needed,needed,1
renewable,renewable,1
disruptteknics,disruptteknics,1
shape,shape,1
beginner,beginner,1
creating,creating,1
reports,reports,1
sophisticated,sophisticated,1
visualizations,visualizations,1
analyticshipbibigdataanalyticswhat,analyticshipbibigdataanalyticswhat,1
newest,newest,1
trend,trend,1
ratings,ratings,1
shoutrep,shoutrep,1
tinkering,tinkering,1
wanna,wanna,1
where‚Ä,where‚Ä,1
analyticshipbibigdataanalyticsare,analyticshipbibigdataanalyticsare,1
ground,ground,1
analyticshipbibigdataanalyticsdata,analyticshipbibigdataanalyticsdata,1
criticalhighmobility,criticalhighmobility,1
analyticshipbibigdataanalyticsthe,analyticshipbibigdataanalyticsthe,1
beyond,beyond,1
analyticshipbibigdataanalyticsmore,analyticshipbibigdataanalyticsmore,1
districts,districts,1
mine,mine,1
refine,refine,1
teacher,teacher,1
manufacturing,manufacturing,1
billionaire,billionaire,1
covert,covert,1
leave,leave,1
owned,owned,1
persuade,persuade,1
metricsanalytics,metricsanalytics,1
silos,silos,1
smash,smash,1
hranalytics,hranalytics,1
peopleanalytics,peopleanalytics,1
thwnews,thwnews,1
earning,earning,1
offering,offering,1
deeplearning,deeplearning,1
depts,depts,1
meet,meet,1
once,once,1
quarter,quarter,1
serious,serious,1
taking,taking,1
thats,thats,1
theyre,theyre,1
conspiracy,conspiracy,1
last,last,1
piffle,piffle,1
wrote,wrote,1
freddysays,freddysays,1
predictabledata,predictabledata,1
securepredictable,securepredictable,1
apache,apache,1
army,army,1
five,five,1
knife,knife,1
swiss,swiss,1
digesting,digesting,1
overload,overload,1
sensory,sensory,1
osmows,osmows,1
steeles,steeles,1
digitaltra‚Ä,digitaltra‚Ä,1
ipfconline,ipfconline,1
changing,changing,1
compliance,compliance,1
culture‚Ä,culture‚Ä,1
regulatorsbusiness,regulatorsbusiness,1
responding,responding,1
tax,tax,1
clouderahortonworks,clouderahortonworks,1
computing,computing,1
theory,theory,1
analyticswinning,analyticswinning,1
efficacy,efficacy,1
unclear‚Ä,unclear‚Ä,1
securitysmall,securitysmall,1
ciscoenterprise,ciscoenterprise,1
ubc,ubc,1
w‚Ä,w‚Ä,1
alistair,alistair,1
croll,croll,1
hard,hard,1
mandrill,mandrill,1
disponible,disponible,1
est√,est√,1
gracias,gracias,1
home,home,1
searchengine‚Ä,searchengine‚Ä,1
garenampteed,garenampteed,1
achieving,achieving,1
keys,keys,1
personalizationpricing,personalizationpricing,1
tulsa,tulsa,1
expand,expand,1
knowledge,knowledge,1
including,including,1
must,must,1
rotate,rotate,1
telcos,telcos,1
win,win,1
fujisan,fujisan,1
japan,japan,1
ltd,ltd,1
magazine,magazine,1
minimum,minimum,1
price,price,1
service,service,1
assess,assess,1
questions,questions,1
sharpen,sharpen,1
subejct,subejct,1
annielytics,annielytics,1
separate,separate,1
socialreferral,socialreferral,1
clout,clout,1
distinct,distinct,1
posts,posts,1
y‚Ä,y‚Ä,1
bellevue,bellevue,1
projectmgmt,projectmgmt,1
blockssuccessful,blockssuccessful,1
building,building,1
customercentricity,customercentricity,1
leadership,leadership,1
transformation‚Ä,transformation‚Ä,1
happy¬,happy¬,1
hotels¬,hotels¬,1
loyal,loyal,1
make¬,make¬,1
need¬,need¬,1
traveler¬,traveler¬,1
use¬,use¬,1
wisely¬,wisely¬,1
deploys,deploys,1
memsqlrealtime,memsqlrealtime,1
avaluaciolleida,avaluaciolleida,1
bears,bears,1
misleading,misleading,1
myopic,myopic,1
shit,shit,1
woods,woods,1
buses,buses,1
ensures,ensures,1
germany,germany,1
schedule,schedule,1
sensors,sensors,1
advisor,advisor,1
advisory,advisory,1
amsterdam‚Ä,amsterdam‚Ä,1
een,een,1
faas,faas,1
financial,financial,1
hbowo,hbowo,1
zoekt,zoekt,1
add,add,1
datadrivenmarketing,datadrivenmarketing,1
official,official,1
predictivedata,predictivedata,1
two,two,1
kogneta,kogneta,1
datos,datos,1
disaster,disaster,1
maker,maker,1
platformmulticloud,platformmulticloud,1
recovery,recovery,1
techzim,techzim,1
twimbos,twimbos,1
updates,updates,1
daten,daten,1
demokratisierung,demokratisierung,1
mit,mit,1
plattform,plattform,1
von,von,1
vorantreiben,vorantreiben,1
whitepaper,whitepaper,1
zentralisierter,zentralisierter,1
modelling,modelling,1
busy,busy,1
explained,explained,1
insights‚Ä,insights‚Ä,1
nicely,nicely,1
first,first,1
measurecamp,measurecamp,1
miss,miss,1
release,release,1
sell,sell,1
ticket,ticket,1
tomorrow,tomorrow,1
analysed,analysed,1
visitors,visitors,1
gap,gap,1
entering,entering,1
louisepanttrout,louisepanttrout,1
open,open,1
source,source,1
possible,possible,1
java,java,1
jobclick,jobclick,1
troy,troy,1
cannot,cannot,1
information,information,1
shell,shell,1
duplicating,duplicating,1
artists,artists,1
dataviz‚Ä,dataviz‚Ä,1
happens,happens,1
loose,loose,1
turns,turns,1
locationbased,locationbased,1
marketing¬,marketing¬,1
relevant,relevant,1
casecentral,casecentral,1
dreaming,dreaming,1
office,office,1
consulting,consulting,1
sciencemachine,sciencemachine,1
america,america,1
joblisting,joblisting,1
jobopening,jobopening,1
recruiting,recruiting,1
tweetmyjobs,tweetmyjobs,1
fatigue,fatigue,1
informationmanagement,informationmanagement,1
overcome,overcome,1
growthhacking,growthhacking,1
investing,investing,1
money,money,1
conjob,conjob,1
deepening,deepening,1
listens,listens,1
mercer‚Ä,mercer‚Ä,1
mixed,mixed,1
pockets,pockets,1
wbannon,wbannon,1
apprenticeships,apprenticeships,1
likeshare,likeshare,1
places,places,1
unlikely,unlikely,1
customerjourney,customerjourney,1
predictiveanalytics,predictiveanalytics,1
market,market,1
outperfor‚Ä,outperfor‚Ä,1
profitability,profitability,1
share,share,1
day,day,1
eomonth,eomonth,1
finds,finds,1
firstlast,firstlast,1
function,function,1
given,given,1
month,month,1
sqlserver,sqlserver,1
process¬,process¬,1
steps,steps,1
hundreds,hundreds,1
modeler,modeler,1
sport,sport,1
quality‚Ä,quality‚Ä,1
hires,hires,1
master‚Äôs,master‚Äôs,1
perfect,perfect,1
rowan,rowan,1
university‚Äôs,university‚Äôs,1
bein‚Ä,bein‚Ä,1
depends,depends,1
dig‚Ä,dig‚Ä,1
invest,invest,1
pwc,pwc,1
northbrook,northbrook,1
architecture,architecture,1
easy,easy,1
exportanalytics‚Ä,exportanalytics‚Ä,1
ingestion,ingestion,1
powerful,powerful,1
rulesengine,rulesengine,1
agua,agua,1
atr√,atr√,1
del,del,1
hacer,hacer,1
industria,industria,1
quedarse,quedarse,1
qu√,qu√,1
uso,uso,1
investrade,investrade,1
python,python,1
yrs,yrs,1
introduction,introduction,1
app,app,1
dataflow,dataflow,1
engine,engine,1
feedly,feedly,1
processinganalytics,processinganalytics,1
colts,colts,1
indianapolis,indianapolis,1
burbank,burbank,1
disneyjobs,disneyjobs,1
workdisney,workdisney,1
nimble,nimble,1
re‚Ä,re‚Ä,1
deep,deep,1
dive,dive,1
farage,farage,1
successes,successes,1
trump,trump,1
fourth,fourth,1
ops,ops,1
pillar,pillar,1
radius,radius,1
revenue,revenue,1
airplane,airplane,1
generates,generates,1
gigabytes,gigabytes,1
iot‚Ä,iot‚Ä,1
million,million,1
petabyte,petabyte,1
single,single,1
catch,catch,1
da‚Ä,da‚Ä,1
deserves,deserves,1
frightening,frightening,1
long,long,1
prepared,prepared,1
fill,fill,1
multiple,multiple,1
positions,positions,1
rolescrm,rolescrm,1
searchingcandidates,searchingcandidates,1
strategysales,strategysales,1
teams,teams,1
arrive,arrive,1
complicated,complicated,1
feel,feel,1
matter,matter,1
methods,methods,1
peoplehow,peoplehow,1
professionals,professionals,1
truth,truth,1
very,very,1
choice,choice,1
companyof,companyof,1
is‚Ä,is‚Ä,1
before,before,1
handing,handing,1
increasingly,increasingly,1
likely,likely,1
over,over,1
regulators,regulators,1
dataviz,dataviz,1
visualisation,visualisation,1
assignment,assignment,1
cis,cis,1
dissertation,dissertation,1
essay,essay,1
frontier,frontier,1
research¬,research¬,1
structure,structure,1
visualisationdata,visualisationdata,1
amazon,amazon,1
hubspot,hubspot,1
redshift,redshift,1
bb‚Ä,bb‚Ä,1
digitalmarketing,digitalmarketing,1
transformation,transformation,1
description‚Ä,description‚Ä,1
efficiency,efficiency,1
terrace,terrace,1
url,url,1
usailoakbrook,usailoakbrook,1
architecture‚Ä,architecture‚Ä,1
collins,collins,1
continues,continues,1
datalake,datalake,1
mini,mini,1
outlining,outlining,1
ron,ron,1
aiautomated,aiautomated,1
retail,retail,1
clear¬,clear¬,1
differentiation¬,differentiation¬,1
loyalty,loyalty,1
maintain¬,maintain¬,1
point¬,point¬,1
tinspire,tinspire,1
all,all,1
goals,goals,1
measure,measure,1
academic,academic,1
apple,apple,1
areas,areas,1
book,book,1
chapter,chapter,1
france,france,1
intgeik,intgeik,1
invitations,invitations,1
july,july,1
nice,nice,1
entire,entire,1
functions,functions,1
innovate,innovate,1
models,models,1
well,well,1
amount,amount,1
decipher,decipher,1
discover,discover,1
genomic,genomic,1
hpc,hpc,1
huge,huge,1
personalize,personalize,1
researchers,researchers,1
treatments‚Ä,treatments‚Ä,1
cex,cex,1
his,his,1
impacts,impacts,1
address,address,1
develop,develop,1
ebola,ebola,1
hybridcloud,hybridcloud,1
accelerating,accelerating,1
oogle,oogle,1
analysisderiving,analysisderiving,1
india,india,1
trusted,trusted,1
ambitions,ambitions,1
fox,fox,1
reporting,reporting,1
tone,tone,1
skillbased,skillbased,1
talent,talent,1
tapped,tapped,1
waiting,waiting,1
coolest,coolest,1
rhuchakulkarni,rhuchakulkarni,1
vendors,vendors,1
ecommerce,ecommerce,1
server,server,1
shopify,shopify,1
newyork,newyork,1
booth,booth,1
chartingthecourse,chartingthecourse,1
chat,chat,1
visit,visit,1
interactive,interactive,1
histoires,histoires,1
limportance,limportance,1
raconter,raconter,1
webanalytique,webanalytique,1
miami,miami,1
ryder,ryder,1
connection,connection,1
intelligence,intelligence,1
mobilizingbigdata,mobilizingbigdata,1
against,against,1
cyberattacks,cyberattacks,1
fantastic,fantastic,1
brasileira,brasileira,1
colombiano,colombiano,1
criando,criando,1
dupla,dupla,1
produzir,produzir,1
sertaneja,sertaneja,1
sica,sica,1
sucesso,sucesso,1
vers√,vers√,1
infographicsdata,infographicsdata,1
viz,viz,1
contractor,contractor,1
ago,ago,1
love,love,1
started,started,1
succeed,succeed,1
way,way,1
wish,wish,1
years,years,1
bengals,bengals,1
cincinnati,cincinnati,1
buy,buy,1
expert,expert,1
menlo,menlo,1
park,park,1
toronto,toronto,1
age,age,1
always,always,1
changes,changes,1
horizon,horizon,1
crm,crm,1
gottfried,gottfried,1
heike,heike,1
managementanalytics,managementanalytics,1
omnichannel,omnichannel,1
trautmann,trautmann,1
vossen,vossen,1
netherlands,netherlands,1
sogetinl,sogetinl,1
specialist,specialist,1
rusi,rusi,1
scatter,scatter,1
business‚Ä,business‚Ä,1
sharepoint,sharepoint,1
senior‚Ä,senior‚Ä,1
title,title,1
deeper,deeper,1
demographic,demographic,1
segments,segments,1
various,various,1
aviation,aviation,1
clevel,clevel,1
executives,executives,1
logistics,logistics,1
telecom,telecom,1
research‚Ä,research‚Ä,1
clou‚Ä,clou‚Ä,1
masses,masses,1
‚Äòequalizer‚Äô,‚Äòequalizer‚Äô,1
niceanalytics,niceanalytics,1
purchases,purchases,1
uncover,uncover,1
biz,biz,1
consumers,consumers,1
order,order,1
shame,shame,1
cria√,cria√,1
lan√,lan√,1
oracle,oracle,1
plataforma,plataforma,1
sicas,sicas,1
infobldrs‚Äô,infobldrs‚Äô,1
cloud‚Ä,cloud‚Ä,1
periodic,periodic,1
table,table,1
‚Äô,‚Äô,1
blog¬,blog¬,1
experiences¬,experiences¬,1
here¬,here¬,1
is¬,is¬,1
our¬,our¬,1
seamless,seamless,1
stay,stay,1
thelp,thelp,1
travel¬,travel¬,1
brief,brief,1
history,history,1
metricsgeasure,metricsgeasure,1
thre,thre,1
certainement,certainement,1
chronopost,chronopost,1
clients,clients,1
confiance,confiance,1
naidera,naidera,1
pas,pas,1
regagner,regagner,1
allanalytics,allanalytics,1
government,government,1
turning,turning,1
longer,longer,1
resource,resource,1
valuable,valuable,1
world‚Äôs,world‚Äôs,1
ana‚Ä,ana‚Ä,1
learning¬,learning¬,1
peopleanalytics¬,peopleanalytics¬,1
thwlearn,thwlearn,1
udemy,udemy,1
arabiahighered,arabiahighered,1
aspiring,aspiring,1
ideas,ideas,1
program,program,1
redmond,redmond,1
dellemcworld,dellemcworld,1
sessionsbooths,sessionsbooths,1
shopdataanalytics,shopdataanalytics,1
stop,stop,1
by¬,by¬,1
expectations¬,expectations¬,1
first¬,first¬,1
measuring,measuring,1
meeting¬,meeting¬,1
put¬,put¬,1
satisfaction,satisfaction,1
englewood,englewood,1
crawl,crawl,1
filter,filter,1
problems,problems,1
surface,surface,1
deriving,deriving,1
edgegrowth,edgegrowth,1
sundayfunday,sundayfunday,1
combining,combining,1
create,create,1
electrons,electrons,1
internet,internet,1
courts,courts,1
ethics,ethics,1
own,own,1
restricting,restricting,1
as‚Ä,as‚Ä,1
contest,contest,1
csvpivot,csvpivot,1
eachvalues,eachvalues,1
lineups,lineups,1
rowscount,rowscount,1
drawing,drawing,1
help‚Ä,help‚Ä,1
manually,manually,1
naturallanguagegeneration,naturallanguagegeneration,1
slowcostly,slowcostly,1
simplified,simplified,1
st‚Ä,st‚Ä,1
efficiency‚Ä,efficiency‚Ä,1
even,even,1
leverage,leverage,1
smalllawfirms,smalllawfirms,1
able,able,1
identify,identify,1
noise,noise,1
signal,signal,1
activebatch,activebatch,1
automates,automates,1
workflows,workflows,1
enable,enable,1
midstream,midstream,1
adwords,adwords,1
digitalmarketing‚Ä,digitalmarketing‚Ä,1
googledatastudio,googledatastudio,1
plantillas,plantillas,1
regalo,regalo,1
tutorial,tutorial,1
inexpensive,inexpensive,1
mapmore,mapmore,1
processes,processes,1
processing,processing,1
stream,stream,1
troubleshooting,troubleshooting,1
ssm‚Ä,ssm‚Ä,1
corp,corp,1
dividends,dividends,1
djco,djco,1
journal,journal,1
low,low,1
prices,prices,1
splits,splits,1
unitedstates,unitedstates,1
fit,fit,1
interested,interested,1
internetofthings,internetofthings,1
hiring‚Ä,hiring‚Ä,1
bannon,bannon,1
brexitus,brexitus,1
etc,etc,1
investigative,investigative,1
journalism,journalism,1
manipulate,manipulate,1
remarkable,remarkable,1
robert,robert,1
steve,steve,1
digitalist,digitalist,1
gold,gold,1
nuggets,nuggets,1
pieces,pieces,1
puzzle,puzzle,1
believe,believe,1
insurer,insurer,1
org,org,1
required,required,1
whats,whats,1
aws,aws,1
ecosystem,ecosystem,1
emr,emr,1
getting,getting,1
medical,medical,1
say,say,1
edleadership,edleadership,1
edtech,edtech,1
graduate,graduate,1
bucket,bucket,1
ice,ice,1
oracle‚Äôs,oracle‚Äôs,1
platformdata,platformdata,1
betterquestions,betterquestions,1
chris,chris,1
convergencelab,convergencelab,1
end,end,1
focussed,focussed,1
yamashita,yamashita,1
implement,implement,1
strategy,strategy,1
crowdfund,crowdfund,1
crowdfunding,crowdfunding,1
crowdstats,crowdstats,1
goal,goal,1
statsanalytics,statsanalytics,1
target,target,1
typical,typical,1
berlin,berlin,1
idtechex,idtechex,1
presentation,presentation,1
case,case,1
dataops‚Ä,dataops‚Ä,1
face,face,1
issues,issues,1
john,john,1
labs,labs,1
snow,snow,1
study,study,1
users,users,1
working,working,1
profit,profit,1
conversations,conversations,1
csuite,csuite,1
deals,deals,1
large,large,1
‚Äù,‚Äù,1
smart,smart,1
amazing,amazing,1
powers,powers,1
hybridcloudbig,hybridcloudbig,1
vision,vision,1
asset,asset,1
fuel,fuel,1
leveraging,leveraging,1
start,start,1
engage,engage,1
howwhen,howwhen,1
goo,goo,1
ise,ise,1
mwasure,mwasure,1
ynd,ynd,1
knime,knime,1
setting,setting,1
sub,sub,1
outcomes,outcomes,1
across,across,1
environment,environment,1
instantly,instantly,1
management‚Ä,management‚Ä,1
rememberingcampaign,rememberingcampaign,1
worth,worth,1
analysts,analysts,1
despite,despite,1
graduates,graduates,1
rise,rise,1
shortage,shortage,1
theres,theres,1
cmo,cmo,1
intelligent,intelligent,1
what‚Äôs,what‚Äôs,1
plan,plan,1
threat,threat,1
anaytics,anaytics,1
seattle,seattle,1
billions,billions,1
doing,doing,1
points,points,1
visualizing,visualizing,1
drnews,drnews,1
ehr,ehr,1
massive,massive,1
mitsmrreport‚Ä,mitsmrreport‚Ä,1
variety,variety,1
wide,wide,1
analyticsinadigitalbusiness,analyticsinadigitalbusiness,1
and‚Ä,and‚Ä,1
between,between,1
challengemost,challengemost,1
differentiate,differentiate,1
mis,mis,1
ceo,ceo,1
cfo,cfo,1
cio‚Ä,cio‚Ä,1
corpgov,corpgov,1
workingfortune,workingfortune,1
capital,capital,1
pennsylvania,pennsylvania,1
southampton,southampton,1
states,states,1
united,united,1
shared,shared,1
corinium,corinium,1
cxohangouts,cxohangouts,1
forbes,forbes,1
shaping,shaping,1
women,women,1
aimed,aimed,1
appeared,appeared,1
screen,screen,1
something,something,1
was,was,1
sap,sap,1
secure,secure,1
betteryou,betteryou,1
deserve,deserve,1
iad,iad,1
analyzingusing,analyzingusing,1
it‚Äôs,it‚Äôs,1
jobposting,jobposting,1
workforceanalytics,workforceanalytics,1
datengetriebene,datengetriebene,1
datengold,datengold,1
entscheidungen,entscheidungen,1
growth,growth,1
gtgt,gtgt,1
infografik,infografik,1
nutzt,nutzt,1
prozess,prozess,1
tipps,tipps,1
und,und,1
zum,zum,1
among,among,1
near,near,1
ones,ones,1
other,other,1
pressure,pressure,1
there‚Äôs,there‚Äôs,1
of‚Ä,of‚Ä,1
further,further,1
gaining,gaining,1
infoarchive‚Ä,infoarchive‚Ä,1
musthave,musthave,1
todays,todays,1
course,course,1
edx,edx,1
engagement,engagement,1
few,few,1
speak,speak,1
standardsreusable,standardsreusable,1
datamarketing,datamarketing,1
london,london,1
analyticshipbibigdataanalyticsgeorgia,analyticshipbibigdataanalyticsgeorgia,1
district,district,1
puts,puts,1
payments,payments,1
stripe,stripe,1
crn‚Äôs,crn‚Äôs,1
named,named,1
accelerate,accelerate,1
action,action,1
informationweek,informationweek,1
embeddable,embeddable,1
usedanalytics,usedanalytics,1
analyticshipbibigdataanalyticsspotlight,analyticshipbibigdataanalyticsspotlight,1
arquitectura,arquitectura,1
convierte,convierte,1
cmda,cmda,1
computational,computational,1
modeling,modeling,1
oakton,oakton,1
opaulo,opaulo,1
quintilesims,quintilesims,1
analyticshipbibigdataanalyticsrob,analyticshipbibigdataanalyticsrob,1
mancabelli,mancabelli,1
blog,blog,1
culture,culture,1
starting,starting,1
behavioural,behavioural,1
longbeach,longbeach,1
ability,ability,1
practical,practical,1
serve,serve,1
customerexperienceretailers‚Äô,customerexperienceretailers‚Äô,1
flache,flache,1
mike,mike,1
icaew,icaew,1
product,product,1
datascientist,datascientist,1
companywide,companywide,1
email‚Ä,email‚Ä,1
sidethey,sidethey,1
worka,worka,1
aggregateiq,aggregateiq,1
cambridgeanalytica,cambridgeanalytica,1
analyticsth‚Ä,analyticsth‚Ä,1
cieslak,cieslak,1
david,david,1
phd,phd,1
fitfreelancers,fitfreelancers,1
remotesmight,remotesmight,1
minute,minute,1
youtube,youtube,1
attention,attention,1
closer,closer,1
collecting,collecting,1
moral,moral,1
ought,ought,1
owns,owns,1
paying,paying,1
nlp‚Ä,nlp‚Ä,1
saas,saas,1
churn,churn,1
customer¬,customer¬,1
integrate¬,integrate¬,1
prevent¬,prevent¬,1
